Marke;Counter
Chanel;Counter
Mac;Counter
Dior;Counter
Tom Ford;Counter
La Prairie;Counter
Bobbi Brown;Counter
La Mer;Counter
Sensai;Counter
Jo Malone London;Counter
Sisley;Counter
Estée Lauder;Counter
Yves Saint Laurent;Counter
Le Labo;Counter
Hermès;Counter
Byredo;Counter
Valmont;Counter
Clinique;Counter
Acqua di Parma;Counter
Kilian Paris;Counter
Guerlain;Counter
Creed;Counter
NARS;Counter
Guerlain Ultimate;Counter
Giorgio Armani;Counter
Kiehl's;Counter
Gucci;Counter
Aveda;Counter
Rituals;Counter
Bulgari;Counter
The Ordinary;Counter
Frédéric Malle;Counter
Nescens;Counter
Armani Privé;Counter
Guerlain Orichidée Imperiale;Counter